Locus,Pattern,Repeat
1,11113,9
1,44442,9
2,1314,12
3,1113,7
4,1114,10
4,1444,10
4,4441,10
5,1114,11
6,2444,21
6,4442,21
7,1314,12
7,4241,12
8,1114,8
8,4441,8
9,11131,13
10,11131,5
11,1113,26
12,1143,9
12,4214,9
13,1143,11
14,1314,18
14,4241,18
15,4131,20
16,4241,12
17,4322,23
17,4422,17
18,1314,16
18,4241,16
19,1314,11
20,1314,10
21,3141,13
22,4142,13
23,3311,13
24,1314,20
24,1312,10
25,3141,13
26,2434,13
26,2414,13
27,3141,11
28,3111,21
29,1133,16
30,4241,26
30,4243,26
31,144,17
32,4131,12
33,3111,11
34,144,12
35,4243,31
35,4243,14
36,4243,9
36,4241,15
37,4241,11
38,414,16
39,1314,13
40,2414,9
41,4241,10
42,44442,10
43,3141,13
44,41141,23
45,131314,22
46,1314,2
47,3111,20
48,1413,11
49,4241,17
49,4341,18
51,1413,11
52,4131,11
53,4131,13
54,4131,12
